n_rows,n_cols,n_refs,solver,n_iter_max,n_iter_min,n_iter_sum,n_processors,n_coords,dt_init,dt_build_S,dt_build_rhs,dt_solve,t_cp_comm,t_if_comm,glob_b0,glob_b1,glob_b2,glob_b3
1,1,6,cg,149,149,149,1,4225,422,366,161,19061,0,0,1,0,0,0
1,1,6,cg,149,149,149,1,4225,422,388,164,15342,0,0,1,0,0,0
1,1,6,cg,149,149,149,1,4225,419,360,174,16039,0,0,1,0,0,0
1,1,6,cg,149,149,149,1,4225,408,380,187,16231,0,0,1,0,0,0
1,1,6,cg,149,149,149,1,4225,412,397,160,15826,0,0,1,0,0,0
1,1,6,cg,149,149,149,1,4225,413,383,154,15644,0,0,1,0,0,0
1,1,6,cg,149,149,149,1,4225,407,384,173,15214,0,0,1,0,0,0
1,1,6,cg,149,149,149,1,4225,407,372,168,15221,0,0,1,0,0,0
1,1,6,cg,149,149,149,1,4225,411,378,155,15322,0,0,1,0,0,0
1,1,6,cg,149,149,149,1,4225,411,378,154,15079,0,0,1,0,0,0
1,1,6,cg,149,149,149,1,4225,414,382,174,14822,0,0,1,0,0,0
1,1,6,cg,149,149,149,1,4225,409,381,165,15827,0,0,1,0,0,0
1,1,6,cg,149,149,149,1,4225,408,376,154,15242,0,0,1,0,0,0
1,1,6,cg,149,149,149,1,4225,453,360,165,15310,0,0,1,0,0,0
1,1,6,cg,149,149,149,1,4225,450,361,161,15183,0,0,1,0,0,0
1,1,6,cg,149,149,149,1,4225,409,395,175,15180,0,0,1,0,0,0
1,1,6,cg,149,149,149,1,4225,412,379,176,15189,0,0,1,0,0,0
1,1,6,cg,149,149,149,1,4225,409,379,175,15207,0,0,1,0,0,0
1,1,6,cg,149,149,149,1,4225,411,381,177,15175,0,0,1,0,0,0
1,1,6,cg,149,149,149,1,4225,408,366,154,15168,0,0,1,0,0,0
1,1,6,cg,149,149,149,1,4225,414,380,170,15299,0,0,1,0,0,0
1,1,6,cg,149,149,149,1,4225,435,356,160,15116,0,0,1,0,0,0
1,1,6,cg,149,149,149,1,4225,428,388,171,15970,0,0,1,0,0,0
1,1,6,cg,149,149,149,1,4225,437,371,168,15075,0,0,1,0,0,0
1,1,6,cg,149,149,149,1,4225,407,390,154,14952,0,0,1,0,0,0
1,1,6,cg,149,149,149,1,4225,407,380,161,15144,0,0,1,0,0,0
1,1,6,cg,149,149,149,1,4225,408,380,173,14987,0,0,1,0,0,0
1,1,6,cg,149,149,149,1,4225,419,383,154,15391,0,0,1,0,0,0
1,1,6,cg,149,149,149,1,4225,452,382,157,18898,0,0,1,0,0,0
1,1,6,cg,149,149,149,1,4225,451,354,152,14881,0,0,1,0,0,0
1,1,6,cg,149,149,149,1,4225,421,391,166,15629,0,0,1,0,0,0
1,1,6,cg,149,149,149,1,4225,418,398,158,15499,0,0,1,0,0,0
1,1,6,cg,149,149,149,1,4225,409,388,174,14700,0,0,1,0,0,0
1,1,6,cg,149,149,149,1,4225,410,379,174,15148,0,0,1,0,0,0
1,1,6,cg,149,149,149,1,4225,413,382,155,15264,0,0,1,0,0,0
1,1,6,cg,149,149,149,1,4225,410,382,155,14944,0,0,1,0,0,0
1,1,6,cg,149,149,149,1,4225,406,381,174,14973,0,0,1,0,0,0
1,1,6,cg,149,149,149,1,4225,431,379,171,14926,0,0,1,0,0,0
1,1,6,cg,149,149,149,1,4225,436,385,184,15101,0,0,1,0,0,0
1,1,6,cg,149,149,149,1,4225,410,380,170,15278,0,0,1,0,0,0
1,1,6,cg,149,149,149,1,4225,418,383,159,15371,0,0,1,0,0,0
1,1,6,cg,149,149,149,1,4225,412,385,169,15652,0,0,1,0,0,0
1,1,6,cg,149,149,149,1,4225,415,382,168,15419,0,0,1,0,0,0
1,1,6,cg,149,149,149,1,4225,476,393,160,15327,0,0,1,0,0,0
1,1,6,cg,149,149,149,1,4225,460,372,155,15373,0,0,1,0,0,0
1,1,6,cg,149,149,149,1,4225,417,386,156,15619,0,0,1,0,0,0
1,1,6,cg,149,149,149,1,4225,424,380,154,16061,0,0,1,0,0,0
1,1,6,cg,149,149,149,1,4225,430,380,154,16664,0,0,1,0,0,0
1,1,6,cg,149,149,149,1,4225,423,381,154,16467,0,0,1,0,0,0
1,1,6,cg,149,149,149,1,4225,416,399,161,17503,0,0,1,0,0,0
8,8,8,cg,5230,5230,334720,64,4198401,1268629,174867,10015,67556951,15462116,16862077,1,0,0,0
8,8,4,cg,303,303,19392,64,16641,51630,11254,4898,2084693,883152,371842,1,0,0,0
8,8,4,cg,303,303,19392,64,16641,41702,11158,4542,2055265,792312,367200,1,0,0,0
8,8,4,cg,303,303,19392,64,16641,41435,11569,5192,2057642,777360,370591,1,0,0,0
8,8,4,cg,303,303,19392,64,16641,41642,11165,4621,2057646,748442,368381,1,0,0,0
8,8,4,cg,303,303,19392,64,16641,41446,11560,4304,2063326,833743,372283,1,0,0,0
8,8,4,cg,303,303,19392,64,16641,51447,11653,4460,2088739,835765,377824,1,0,0,0
8,8,4,cg,303,303,19392,64,16641,41824,11160,5408,2080996,846169,371050,1,0,0,0
8,8,4,cg,303,303,19392,64,16641,41473,11481,5368,2094170,841530,374348,1,0,0,0
8,8,4,cg,303,303,19392,64,16641,61889,10900,5043,2072082,781903,368580,1,0,0,0
8,8,4,cg,303,303,19392,64,16641,41853,10666,5161,2070283,874911,370868,1,0,0,0
8,8,4,cg,303,303,19392,64,16641,51545,12143,4907,2068044,780995,367101,1,0,0,0
8,8,4,cg,303,303,19392,64,16641,51601,11713,3654,2088611,864916,373979,1,0,0,0
8,8,4,cg,303,303,19392,64,16641,34961,8229,5719,2076411,826764,370135,1,0,0,0
8,8,4,cg,303,303,19392,64,16641,41412,11357,4669,2053559,786114,371632,1,0,0,0
8,8,4,cg,303,303,19392,64,16641,41464,11927,4916,2093441,813027,374838,1,0,0,0
4,4,8,cg,2580,2580,41280,16,1050625,197108,13099,8025,8333659,775034,1034177,1,0,0,0
4,4,8,cg,2580,2580,41280,16,1050625,221798,21819,4157,8329894,1026558,1027604,1,0,0,0
4,4,8,cg,2580,2580,41280,16,1050625,193753,13173,8255,8341053,1005856,997271,1,0,0,0
8,8,6,cg,1268,1268,81152,64,263169,92374,46704,8063,9435069,3498677,1922641,1,0,0,0
8,8,6,cg,1268,1268,81152,64,263169,82544,48619,8559,9426122,3360070,1911596,1,0,0,0
8,8,6,cg,1268,1268,81152,64,263169,92383,45109,9661,9399667,3466862,1921516,1,0,0,0
8,8,6,cg,1268,1268,81152,64,263169,82363,42053,12072,9384690,3426661,1911102,1,0,0,0
8,8,6,cg,1268,1268,81152,64,263169,82262,49304,7689,9437882,3596476,1906277,1,0,0,0
1,1,10,cg,2580,2580,2580,1,1050625,100122,94306,40843,70556034,0,0,1,0,0,0
1,1,10,cg,2580,2580,2580,1,1050625,96790,94230,40821,70801654,0,0,1,0,0,0
2,2,9,cg,2580,2580,10320,4,1050625,162279,26503,10876,27575058,162413,66562,1,0,0,0
2,2,9,cg,2580,2580,10320,4,1050625,160088,26104,10829,24525573,143891,76739,1,0,0,0
2,2,9,cg,2580,2580,10320,4,1050625,160563,29079,14140,25751089,129992,69871,1,0,0,0
1,1,7,cg,303,303,303,1,16641,1687,1530,626,122788,0,0,1,0,0,0
1,1,7,cg,303,303,303,1,16641,1659,1495,625,119435,0,0,1,0,0,0
1,1,7,cg,303,303,303,1,16641,1576,1502,615,118949,0,0,1,0,0,0
1,1,7,cg,303,303,303,1,16641,1599,1529,615,121111,0,0,1,0,0,0
1,1,7,cg,303,303,303,1,16641,1617,1503,614,119381,0,0,1,0,0,0
1,1,7,cg,303,303,303,1,16641,1603,1500,614,119301,0,0,1,0,0,0
1,1,7,cg,303,303,303,1,16641,1589,1500,635,118497,0,0,1,0,0,0
1,1,7,cg,303,303,303,1,16641,1606,1503,626,119523,0,0,1,0,0,0
1,1,7,cg,303,303,303,1,16641,1654,1503,615,119291,0,0,1,0,0,0
1,1,7,cg,303,303,303,1,16641,1662,1508,615,119594,0,0,1,0,0,0
1,1,7,cg,303,303,303,1,16641,1625,1492,606,119510,0,0,1,0,0,0
1,1,7,cg,303,303,303,1,16641,1571,1515,619,120702,0,0,1,0,0,0
1,1,7,cg,303,303,303,1,16641,1617,1505,615,122169,0,0,1,0,0,0
1,1,7,cg,303,303,303,1,16641,1560,1496,628,119175,0,0,1,0,0,0
1,1,7,cg,303,303,303,1,16641,1651,1508,624,123019,0,0,1,0,0,0
1,1,7,cg,303,303,303,1,16641,1561,1498,643,122779,0,0,1,0,0,0
1,1,7,cg,303,303,303,1,16641,1607,1506,620,119986,0,0,1,0,0,0
1,1,7,cg,303,303,303,1,16641,1627,1500,624,123450,0,0,1,0,0,0
1,1,7,cg,303,303,303,1,16641,1722,1493,610,118932,0,0,1,0,0,0
1,1,7,cg,303,303,303,1,16641,1615,1509,630,120731,0,0,1,0,0,0
1,1,7,cg,303,303,303,1,16641,1629,1504,643,122740,0,0,1,0,0,0
1,1,7,cg,303,303,303,1,16641,1562,1512,616,119222,0,0,1,0,0,0
1,1,7,cg,303,303,303,1,16641,1567,1526,638,122189,0,0,1,0,0,0
1,1,7,cg,303,303,303,1,16641,1574,1502,627,123069,0,0,1,0,0,0
1,1,7,cg,303,303,303,1,16641,1625,1522,615,122557,0,0,1,0,0,0
1,1,7,cg,303,303,303,1,16641,1583,1502,644,121510,0,0,1,0,0,0
1,1,7,cg,303,303,303,1,16641,1561,1513,638,122649,0,0,1,0,0,0
1,1,7,cg,303,303,303,1,16641,1564,1547,622,120129,0,0,1,0,0,0
1,1,7,cg,303,303,303,1,16641,1561,1508,636,123779,0,0,1,0,0,0
1,1,7,cg,303,303,303,1,16641,1572,1509,614,118938,0,0,1,0,0,0
2,2,4,cg,73,73,292,4,1089,231,111,43,2316,217,219,1,0,0,0
2,2,4,cg,73,73,292,4,1089,244,53,16,2582,234,222,1,0,0,0
2,2,4,cg,73,73,292,4,1089,286,61,18,2765,280,254,1,0,0,0
2,2,4,cg,73,73,292,4,1089,233,56,15,2406,219,222,1,0,0,0
2,2,4,cg,73,73,292,4,1089,340,73,22,1258,75,86,1,0,0,0
2,2,4,cg,73,73,292,4,1089,408,81,29,1330,94,89,1,0,0,0
2,2,4,cg,73,73,292,4,1089,365,70,23,1266,78,87,1,0,0,0
2,2,4,cg,73,73,292,4,1089,250,82,22,1261,145,80,1,0,0,0
2,2,4,cg,73,73,292,4,1089,315,63,25,1258,67,79,1,0,0,0
2,2,4,cg,73,73,292,4,1089,582,122,41,2452,138,149,1,0,0,0
2,2,4,cg,73,73,292,4,1089,239,53,15,2220,210,207,1,0,0,0
2,2,4,cg,73,73,292,4,1089,254,82,26,1273,137,85,1,0,0,0
2,2,4,cg,73,73,292,4,1089,276,92,29,1275,148,89,1,0,0,0
2,2,4,cg,73,73,292,4,1089,323,89,25,2880,284,270,1,0,0,0
2,2,4,cg,73,73,292,4,1089,523,197,54,2818,279,266,1,0,0,0
2,2,4,cg,73,73,292,4,1089,368,60,17,2775,259,263,1,0,0,0
2,2,4,cg,73,73,292,4,1089,408,82,27,1353,90,97,1,0,0,0
2,2,4,cg,73,73,292,4,1089,228,53,15,2419,223,224,1,0,0,0
2,2,4,cg,73,73,292,4,1089,290,179,53,2905,293,267,1,0,0,0
2,2,4,cg,73,73,292,4,1089,327,71,23,1269,86,84,1,0,0,0
2,2,4,cg,73,73,292,4,1089,408,80,27,1381,95,85,1,0,0,0
2,2,4,cg,73,73,292,4,1089,242,87,23,1257,155,81,1,0,0,0
2,2,4,cg,73,73,292,4,1089,284,92,29,1289,145,86,1,0,0,0
2,2,4,cg,73,73,292,4,1089,237,53,15,2560,238,222,1,0,0,0
2,2,4,cg,73,73,292,4,1089,476,155,43,2018,257,145,1,0,0,0
2,2,4,cg,73,73,292,4,1089,436,179,54,2906,288,268,1,0,0,0
2,2,4,cg,73,73,292,4,1089,253,67,18,2777,276,257,1,0,0,0
2,2,4,cg,73,73,292,4,1089,253,83,26,1257,145,81,1,0,0,0
2,2,4,cg,73,73,292,4,1089,421,84,27,1378,84,96,1,0,0,0
2,2,4,cg,73,73,292,4,1089,255,78,23,1239,143,84,1,0,0,0
2,2,4,cg,73,73,292,4,1089,250,87,26,1253,146,81,1,0,0,0
2,2,4,cg,73,73,292,4,1089,257,84,25,1260,161,86,1,0,0,0
2,2,4,cg,73,73,292,4,1089,255,73,17,2793,263,268,1,0,0,0
2,2,4,cg,73,73,292,4,1089,255,83,23,1283,146,84,1,0,0,0
2,2,4,cg,73,73,292,4,1089,374,116,33,1627,116,104,1,0,0,0
2,2,4,cg,73,73,292,4,1089,636,129,41,2089,139,139,1,0,0,0
2,2,4,cg,73,73,292,4,1089,252,79,25,1244,135,86,1,0,0,0
2,2,4,cg,73,73,292,4,1089,458,89,29,1904,112,132,1,0,0,0
2,2,4,cg,73,73,292,4,1089,424,88,30,1554,92,106,1,0,0,0
2,2,4,cg,73,73,292,4,1089,236,61,15,2293,208,194,1,0,0,0
2,2,4,cg,73,73,292,4,1089,384,75,27,1310,81,87,1,0,0,0
2,2,4,cg,73,73,292,4,1089,249,81,23,1279,143,86,1,0,0,0
2,2,4,cg,73,73,292,4,1089,244,86,23,1237,145,77,1,0,0,0
2,2,4,cg,73,73,292,4,1089,251,81,25,1264,162,73,1,0,0,0
2,2,4,cg,73,73,292,4,1089,324,67,24,1331,90,82,1,0,0,0
2,2,4,cg,73,73,292,4,1089,249,60,15,2726,250,240,1,0,0,0
2,2,4,cg,73,73,292,4,1089,292,104,29,1671,190,112,1,0,0,0
2,2,4,cg,73,73,292,4,1089,225,52,15,1723,155,162,1,0,0,0
2,2,4,cg,73,73,292,4,1089,236,53,15,1764,154,156,1,0,0,0
2,2,4,cg,73,73,292,4,1089,419,88,35,1383,87,89,1,0,0,0
4,4,6,cg,620,620,9920,16,66049,31308,3832,6266,814477,197131,191738,1,0,0,0
4,4,6,cg,620,620,9920,16,66049,31426,3932,6198,829747,211287,188698,1,0,0,0
4,4,6,cg,620,620,9920,16,66049,21323,3836,6018,829856,201341,193514,1,0,0,0
4,4,6,cg,620,620,9920,16,66049,31725,3265,6331,832542,215328,193665,1,0,0,0
4,4,6,cg,620,620,9920,16,66049,31628,2468,7107,843620,200857,192461,1,0,0,0
4,4,6,cg,620,620,9920,16,66049,31358,2067,8079,825983,210824,191478,1,0,0,0
4,4,6,cg,620,620,9920,16,66049,41363,3762,5987,845571,192279,198205,1,0,0,0
4,4,6,cg,620,620,9920,16,66049,31307,3647,5977,840589,202078,195495,1,0,0,0
4,4,6,cg,620,620,9920,16,66049,41800,2637,6829,862554,215231,198285,1,0,0,0
4,4,6,cg,620,620,9920,16,66049,41246,3701,6591,841258,204638,193755,1,0,0,0
8,8,5,cg,620,620,39680,64,66049,71568,11509,13146,4371194,1717916,808019,1,0,0,0
8,8,5,cg,620,620,39680,64,66049,61618,15716,9025,4404184,1748753,817735,1,0,0,0
8,8,5,cg,620,620,39680,64,66049,51504,11484,6509,4352865,1749328,810568,1,0,0,0
8,8,5,cg,620,620,39680,64,66049,41549,17564,8523,4317103,1675931,795589,1,0,0,0
8,8,5,cg,620,620,39680,64,66049,51796,15751,8400,4350212,1659686,805200,1,0,0,0
8,8,5,cg,620,620,39680,64,66049,71722,15288,10214,4335293,1741023,803577,1,0,0,0
8,8,5,cg,620,620,39680,64,66049,61648,15629,9980,4364055,1699299,814977,1,0,0,0
8,8,5,cg,620,620,39680,64,66049,51597,14777,9095,4351459,1646407,807665,1,0,0,0
8,8,5,cg,620,620,39680,64,66049,51622,16517,8857,4338319,1641975,806600,1,0,0,0
8,8,5,cg,620,620,39680,64,66049,61667,15612,9626,4340205,1556147,804031,1,0,0,0
8,8,3,cg,149,149,9536,64,4225,41734,10977,4543,1012201,437575,179566,1,0,0,0
8,8,3,cg,149,149,9536,64,4225,41765,10781,4501,1009983,406589,175925,1,0,0,0
8,8,3,cg,149,149,9536,64,4225,31466,11555,4419,1010040,379432,177645,1,0,0,0
8,8,3,cg,149,149,9536,64,4225,41994,10623,4283,1013782,386468,180021,1,0,0,0
8,8,3,cg,149,149,9536,64,4225,71668,11575,3690,1019158,396906,179153,1,0,0,0
8,8,3,cg,149,149,9536,64,4225,31668,11605,4762,1014625,395864,177715,1,0,0,0
8,8,3,cg,149,149,9536,64,4225,51784,11056,3860,1017405,409547,177071,1,0,0,0
8,8,3,cg,149,149,9536,64,4225,41542,12399,3526,1015777,406789,176025,1,0,0,0
8,8,3,cg,149,149,9536,64,4225,51699,11527,4611,1016314,391006,179197,1,0,0,0
8,8,3,cg,149,149,9536,64,4225,41401,11489,4460,1010192,393745,178591,1,0,0,0
8,8,3,cg,149,149,9536,64,4225,41809,11362,3810,1011053,369909,177028,1,0,0,0
8,8,3,cg,149,149,9536,64,4225,31536,11498,4885,1011164,426310,177191,1,0,0,0
8,8,3,cg,149,149,9536,64,4225,41776,10637,4731,1000463,359336,173947,1,0,0,0
8,8,3,cg,149,149,9536,64,4225,51951,11129,3403,1012588,390876,180288,1,0,0,0
8,8,3,cg,149,149,9536,64,4225,41638,11917,3653,1011715,409613,174789,1,0,0,0
4,4,5,cg,303,303,4848,16,16641,110686,635,9990,369644,93684,88527,1,0,0,0
4,4,5,cg,303,303,4848,16,16641,110585,662,9905,354548,90661,86453,1,0,0,0
4,4,5,cg,303,303,4848,16,16641,101164,662,9213,380663,89121,91011,1,0,0,0
4,4,5,cg,303,303,4848,16,16641,110774,593,10103,365508,97538,87974,1,0,0,0
4,4,5,cg,303,303,4848,16,16641,100804,765,9583,375529,88772,92188,1,0,0,0
4,4,5,cg,303,303,4848,16,16641,100839,801,9683,366045,92379,88205,1,0,0,0
4,4,5,cg,303,303,4848,16,16641,110572,622,9872,366984,92524,90280,1,0,0,0
4,4,5,cg,303,303,4848,16,16641,91079,751,9471,356945,85889,86897,1,0,0,0
4,4,5,cg,303,303,4848,16,16641,110819,711,9642,378422,93528,91685,1,0,0,0
4,4,5,cg,303,303,4848,16,16641,100851,736,9574,361970,94187,89286,1,0,0,0
4,4,5,cg,303,303,4848,16,16641,110673,618,9707,375437,93939,91696,1,0,0,0
4,4,5,cg,303,303,4848,16,16641,100537,546,10285,377580,92802,93542,1,0,0,0
4,4,5,cg,303,303,4848,16,16641,110827,811,9617,368126,88333,90421,1,0,0,0
4,4,5,cg,303,303,4848,16,16641,110673,688,9882,358393,83263,87833,1,0,0,0
4,4,5,cg,303,303,4848,16,16641,110799,494,9774,366647,85729,89708,1,0,0,0
2,2,10,cg,5230,5230,20920,4,4198401,636166,106911,43686,268974070,241244,201007,1,0,0,0
2,2,3,cg,36,36,144,4,289,105,38,6,259,53,43,1,0,0,0
2,2,3,cg,36,36,144,4,289,112,46,8,312,64,46,1,0,0,0
2,2,3,cg,36,36,144,4,289,109,38,7,258,49,41,1,0,0,0
2,2,3,cg,36,36,144,4,289,177,44,10,358,58,47,1,0,0,0
2,2,3,cg,36,36,144,4,289,136,42,8,478,84,76,1,0,0,0
2,2,3,cg,36,36,144,4,289,186,73,13,572,109,92,1,0,0,0
2,2,3,cg,36,36,144,4,289,185,55,12,418,72,59,1,0,0,0
2,2,3,cg,36,36,144,4,289,116,44,8,306,56,43,1,0,0,0
2,2,3,cg,36,36,144,4,289,111,50,8,249,47,42,1,0,0,0
2,2,3,cg,36,36,144,4,289,168,62,10,324,55,46,1,0,0,0
2,2,3,cg,36,36,144,4,289,139,99,7,476,92,76,1,0,0,0
2,2,3,cg,36,36,144,4,289,117,41,8,307,58,43,1,0,0,0
2,2,3,cg,36,36,144,4,289,135,55,12,363,59,51,1,0,0,0
2,2,3,cg,36,36,144,4,289,172,53,11,370,55,52,1,0,0,0
2,2,3,cg,36,36,144,4,289,118,66,8,296,52,40,1,0,0,0
2,2,3,cg,36,36,144,4,289,110,37,6,295,58,50,1,0,0,0
2,2,3,cg,36,36,144,4,289,139,48,9,359,68,58,1,0,0,0
2,2,3,cg,36,36,144,4,289,104,42,7,253,52,44,1,0,0,0
2,2,3,cg,36,36,144,4,289,112,35,7,241,44,39,1,0,0,0
2,2,3,cg,36,36,144,4,289,153,57,11,450,86,59,1,0,0,0
2,2,3,cg,36,36,144,4,289,182,54,12,389,64,56,1,0,0,0
2,2,3,cg,36,36,144,4,289,109,36,7,258,46,41,1,0,0,0
2,2,3,cg,36,36,144,4,289,106,46,7,305,52,44,1,0,0,0
2,2,3,cg,36,36,144,4,289,317,67,14,655,122,112,1,0,0,0
2,2,3,cg,36,36,144,4,289,178,70,8,299,50,40,1,0,0,0
2,2,3,cg,36,36,144,4,289,142,33,8,309,48,43,1,0,0,0
2,2,3,cg,36,36,144,4,289,208,61,14,468,76,71,1,0,0,0
2,2,3,cg,36,36,144,4,289,118,37,9,303,57,48,1,0,0,0
2,2,3,cg,36,36,144,4,289,154,51,11,345,58,50,1,0,0,0
2,2,3,cg,36,36,144,4,289,136,53,9,304,51,41,1,0,0,0
2,2,3,cg,36,36,144,4,289,110,41,9,329,68,46,1,0,0,0
2,2,3,cg,36,36,144,4,289,125,42,9,303,55,43,1,0,0,0
2,2,3,cg,36,36,144,4,289,139,46,9,642,115,104,1,0,0,0
2,2,3,cg,36,36,144,4,289,139,53,12,375,69,58,1,0,0,0
2,2,3,cg,36,36,144,4,289,115,39,7,276,57,41,1,0,0,0
2,2,3,cg,36,36,144,4,289,145,98,18,751,154,132,1,0,0,0
2,2,3,cg,36,36,144,4,289,114,38,7,260,51,42,1,0,0,0
2,2,3,cg,36,36,144,4,289,229,58,14,625,81,85,1,0,0,0
2,2,3,cg,36,36,144,4,289,161,61,11,423,78,63,1,0,0,0
2,2,3,cg,36,36,144,4,289,152,41,9,306,45,42,1,0,0,0
2,2,3,cg,36,36,144,4,289,199,72,16,512,101,70,1,0,0,0
2,2,3,cg,36,36,144,4,289,169,50,11,392,61,53,1,0,0,0
2,2,3,cg,36,36,144,4,289,116,36,6,598,107,88,1,0,0,0
2,2,3,cg,36,36,144,4,289,157,53,11,379,62,51,1,0,0,0
2,2,3,cg,36,36,144,4,289,153,53,11,349,60,48,1,0,0,0
2,2,3,cg,36,36,144,4,289,145,39,9,311,49,42,1,0,0,0
2,2,3,cg,36,36,144,4,289,232,56,15,505,74,65,1,0,0,0
2,2,3,cg,36,36,144,4,289,111,44,9,301,60,46,1,0,0,0
2,2,3,cg,36,36,144,4,289,142,46,8,618,112,95,1,0,0,0
2,2,3,cg,36,36,144,4,289,151,46,9,367,64,62,1,0,0,0
2,2,6,cg,303,303,1212,4,16641,5803,473,176,35201,606,492,1,0,0,0
2,2,6,cg,303,303,1212,4,16641,6636,457,179,36194,812,498,1,0,0,0
2,2,6,cg,303,303,1212,4,16641,3189,885,313,57629,4523,516,1,0,0,0
2,2,6,cg,303,303,1212,4,16641,6664,476,174,36188,735,564,1,0,0,0
2,2,6,cg,303,303,1212,4,16641,6844,469,175,36120,710,517,1,0,0,0
2,2,6,cg,303,303,1212,4,16641,6622,470,198,35570,713,507,1,0,0,0
2,2,6,cg,303,303,1212,4,16641,3033,912,297,49786,3272,538,1,0,0,0
2,2,6,cg,303,303,1212,4,16641,3048,902,316,55574,4494,534,1,0,0,0
2,2,6,cg,303,303,1212,4,16641,3345,918,297,57590,4680,569,1,0,0,0
2,2,6,cg,303,303,1212,4,16641,5769,458,181,35449,675,512,1,0,0,0
2,2,6,cg,303,303,1212,4,16641,3487,899,319,42788,2136,525,1,0,0,0
2,2,6,cg,303,303,1212,4,16641,6729,494,175,35153,598,493,1,0,0,0
2,2,6,cg,303,303,1212,4,16641,6029,463,198,35048,758,507,1,0,0,0
2,2,6,cg,303,303,1212,4,16641,4245,703,319,58104,281,589,1,0,0,0
2,2,6,cg,303,303,1212,4,16641,3019,913,296,40725,1800,503,1,0,0,0
8,8,2,cg,73,73,4672,64,1089,481168,12106,4584,491454,199511,85212,1,0,0,0
8,8,2,cg,73,73,4672,64,1089,470871,12922,3962,499497,193993,86072,1,0,0,0
8,8,2,cg,73,73,4672,64,1089,480815,12008,4564,506635,196989,89394,1,0,0,0
8,8,2,cg,73,73,4672,64,1089,480664,11768,4134,499113,196540,87296,1,0,0,0
8,8,2,cg,73,73,4672,64,1089,470942,12385,4011,496289,176471,86767,1,0,0,0
8,8,2,cg,73,73,4672,64,1089,470870,12638,4486,498105,205783,85958,1,0,0,0
8,8,2,cg,73,73,4672,64,1089,480909,12292,3537,496754,178425,86687,1,0,0,0
8,8,2,cg,73,73,4672,64,1089,480926,12680,4377,501978,188411,87259,1,0,0,0
8,8,2,cg,73,73,4672,64,1089,470904,12186,3946,499444,205399,85825,1,0,0,0
8,8,2,cg,73,73,4672,64,1089,471131,12016,4259,499216,183798,86287,1,0,0,0
8,8,2,cg,73,73,4672,64,1089,470824,12323,4104,495550,217176,86045,1,0,0,0
8,8,2,cg,73,73,4672,64,1089,480780,11837,4008,493738,192058,85571,1,0,0,0
8,8,2,cg,73,73,4672,64,1089,481042,11750,4669,493001,201253,84927,1,0,0,0
8,8,2,cg,73,73,4672,64,1089,480858,11988,4260,504549,206878,88068,1,0,0,0
8,8,2,cg,73,73,4672,64,1089,470788,12327,4559,495064,183498,87227,1,0,0,0
8,8,2,cg,73,73,4672,64,1089,480565,12271,4154,499243,194228,86914,1,0,0,0
8,8,2,cg,73,73,4672,64,1089,470812,11973,4490,499827,208504,87738,1,0,0,0
8,8,2,cg,73,73,4672,64,1089,480678,12842,3721,496504,187233,86777,1,0,0,0
8,8,2,cg,73,73,4672,64,1089,480935,11687,3885,497204,182580,86914,1,0,0,0
8,8,2,cg,73,73,4672,64,1089,480813,12718,4420,495054,203541,87273,1,0,0,0
8,8,2,cg,73,73,4672,64,1089,480563,12596,4595,496796,201346,85894,1,0,0,0
8,8,2,cg,73,73,4672,64,1089,490909,11735,4617,491350,205415,84533,1,0,0,0
8,8,2,cg,73,73,4672,64,1089,480918,12027,3915,489996,195562,84541,1,0,0,0
8,8,2,cg,73,73,4672,64,1089,470582,12807,3752,497525,200537,86772,1,0,0,0
8,8,2,cg,73,73,4672,64,1089,480676,12565,4124,501776,208847,88328,1,0,0,0
8,8,2,cg,73,73,4672,64,1089,470704,11937,3967,494059,217353,85862,1,0,0,0
8,8,2,cg,73,73,4672,64,1089,470481,12846,3584,497228,189986,85680,1,0,0,0
8,8,2,cg,73,73,4672,64,1089,480889,11933,4082,492377,192173,84139,1,0,0,0
8,8,2,cg,73,73,4672,64,1089,480519,12260,4110,500498,202138,86589,1,0,0,0
8,8,2,cg,73,73,4672,64,1089,470511,12242,4837,498570,198085,87508,1,0,0,0
1,1,11,cg,5230,5230,5230,1,4198401,385037,379310,163860,605948258,0,0,1,0,0,0
8,8,1,cg,36,36,2304,64,289,470985,11759,4371,247362,100683,41749,1,0,0,0
8,8,1,cg,36,36,2304,64,289,471038,11533,4971,276477,102984,49148,1,0,0,0
8,8,1,cg,36,36,2304,64,289,473527,9784,15708,491978,142945,87570,1,0,0,0
8,8,1,cg,36,36,2304,64,289,481110,11489,5527,249749,89262,43665,1,0,0,0
8,8,1,cg,36,36,2304,64,289,470862,12586,4159,252300,106232,43614,1,0,0,0
8,8,1,cg,36,36,2304,64,289,480655,11859,4378,247822,102266,43492,1,0,0,0
8,8,1,cg,36,36,2304,64,289,480814,12236,3871,244502,98385,41063,1,0,0,0
8,8,1,cg,36,36,2304,64,289,480663,12448,4669,247746,96113,42271,1,0,0,0
8,8,1,cg,36,36,2304,64,289,480789,12655,4340,247624,96235,43260,1,0,0,0
8,8,1,cg,36,36,2304,64,289,471006,11797,4104,246734,97400,43098,1,0,0,0
8,8,1,cg,36,36,2304,64,289,471226,11403,3748,243669,95906,42349,1,0,0,0
8,8,1,cg,36,36,2304,64,289,470931,11618,4401,248350,95101,43976,1,0,0,0
8,8,1,cg,36,36,2304,64,289,481043,11878,4898,248930,98268,43059,1,0,0,0
8,8,1,cg,36,36,2304,64,289,480900,12131,4410,247201,95047,42715,1,0,0,0
8,8,1,cg,36,36,2304,64,289,470839,12473,3586,245525,98816,42262,1,0,0,0
8,8,1,cg,36,36,2304,64,289,481016,11531,3871,247863,94675,43520,1,0,0,0
8,8,1,cg,36,36,2304,64,289,470785,12215,5171,246404,103467,42883,1,0,0,0
8,8,1,cg,36,36,2304,64,289,470809,12175,4230,251051,94106,44030,1,0,0,0
8,8,1,cg,36,36,2304,64,289,491029,12364,3252,248429,87766,42767,1,0,0,0
8,8,1,cg,36,36,2304,64,289,481114,11896,5224,249083,100212,42484,1,0,0,0
8,8,1,cg,36,36,2304,64,289,480877,11968,4670,244927,92132,42098,1,0,0,0
8,8,1,cg,36,36,2304,64,289,470802,12134,3970,248991,89557,43157,1,0,0,0
8,8,1,cg,36,36,2304,64,289,471034,11562,4218,247176,97728,43209,1,0,0,0
8,8,1,cg,36,36,2304,64,289,480857,12006,4492,247844,98095,42165,1,0,0,0
8,8,1,cg,36,36,2304,64,289,479698,12289,4082,251838,102054,43617,1,0,0,0
8,8,1,cg,36,36,2304,64,289,471047,11613,4295,247440,98215,43302,1,0,0,0
8,8,1,cg,36,36,2304,64,289,470791,12208,4103,246369,94283,42311,1,0,0,0
8,8,1,cg,36,36,2304,64,289,480865,11791,4581,246438,97127,41983,1,0,0,0
8,8,1,cg,36,36,2304,64,289,480639,12128,4409,253723,94691,44805,1,0,0,0
8,8,1,cg,36,36,2304,64,289,480880,11811,4049,247849,103840,43766,1,0,0,0
4,4,7,cg,1268,1268,20288,16,263169,65728,9841,5877,2192271,381732,427275,1,0,0,0
4,4,7,cg,1268,1268,20288,16,263169,64620,12609,4034,2213192,346529,433464,1,0,0,0
4,4,7,cg,1268,1268,20288,16,263169,65144,9665,6006,2197754,427074,425054,1,0,0,0
4,4,7,cg,1268,1268,20288,16,263169,56601,8749,6996,2173712,416863,419647,1,0,0,0
4,4,7,cg,1268,1268,20288,16,263169,56320,9217,6139,2200649,414236,434371,1,0,0,0
8,8,7,cg,2580,2580,165120,64,1050625,244337,1040847,6073,22071904,6376761,5068227,1,0,0,0
8,8,7,cg,2580,2580,165120,64,1050625,257276,298347,728512,22015021,6766349,5093627,1,0,0,0
8,8,7,cg,2580,2580,165120,64,1050625,237379,1042051,5527,22264312,7280175,5154380,1,0,0,0
4,4,2,cg,36,36,576,16,289,110798,759,9787,44441,12212,10963,1,0,0,0
4,4,2,cg,36,36,576,16,289,110798,533,9700,43416,9997,11075,1,0,0,0
4,4,2,cg,36,36,576,16,289,100669,778,9611,42050,11141,10809,1,0,0,0
4,4,2,cg,36,36,576,16,289,100760,856,9568,45448,11686,11536,1,0,0,0
4,4,2,cg,36,36,576,16,289,110743,764,9628,42388,9937,10885,1,0,0,0
4,4,2,cg,36,36,576,16,289,110702,546,9999,43508,11196,11307,1,0,0,0
4,4,2,cg,36,36,576,16,289,100852,562,9884,40869,10349,10562,1,0,0,0
4,4,2,cg,36,36,576,16,289,100921,607,9729,44254,11825,11141,1,0,0,0
4,4,2,cg,36,36,576,16,289,100713,380,10322,42325,9688,10842,1,0,0,0
4,4,2,cg,36,36,576,16,289,110727,860,9688,43022,10390,11291,1,0,0,0
4,4,2,cg,36,36,576,16,289,110919,457,9697,41667,11699,10620,1,0,0,0
4,4,2,cg,36,36,576,16,289,110883,514,9872,41133,10779,10397,1,0,0,0
4,4,2,cg,36,36,576,16,289,110612,610,9763,44390,10925,11503,1,0,0,0
4,4,2,cg,36,36,576,16,289,100685,488,10072,44020,11341,11149,1,0,0,0
4,4,2,cg,36,36,576,16,289,101054,460,9610,41679,10827,10378,1,0,0,0
4,4,2,cg,36,36,576,16,289,100877,606,10084,43150,11875,10995,1,0,0,0
4,4,2,cg,36,36,576,16,289,101089,603,9756,43349,10426,10972,1,0,0,0
4,4,2,cg,36,36,576,16,289,100834,570,9786,43175,12096,11116,1,0,0,0
4,4,2,cg,36,36,576,16,289,101182,595,9784,42165,11757,10386,1,0,0,0
4,4,2,cg,36,36,576,16,289,101049,752,9757,42893,9931,11529,1,0,0,0
4,4,2,cg,36,36,576,16,289,110827,668,9701,44810,10673,11900,1,0,0,0
4,4,2,cg,36,36,576,16,289,100797,763,9669,45314,11543,11020,1,0,0,0
4,4,2,cg,36,36,576,16,289,100632,479,10462,42958,11274,10788,1,0,0,0
4,4,2,cg,36,36,576,16,289,110652,466,9827,43273,10819,11326,1,0,0,0
4,4,2,cg,36,36,576,16,289,100731,665,9885,42777,9766,10820,1,0,0,0
4,4,2,cg,36,36,576,16,289,110970,598,9646,42917,11074,11066,1,0,0,0
4,4,2,cg,36,36,576,16,289,110644,443,10252,42487,10734,10758,1,0,0,0
4,4,2,cg,36,36,576,16,289,110947,476,9832,41978,10377,10682,1,0,0,0
4,4,2,cg,36,36,576,16,289,110965,565,9862,41811,9948,10831,1,0,0,0
4,4,2,cg,36,36,576,16,289,101033,770,9168,43724,11459,11269,1,0,0,0
4,4,2,cg,36,36,576,16,289,110801,566,9782,43980,10825,11517,1,0,0,0
4,4,2,cg,36,36,576,16,289,100846,892,9584,42730,9783,10942,1,0,0,0
4,4,2,cg,36,36,576,16,289,100681,711,10315,42240,11130,10753,1,0,0,0
4,4,2,cg,36,36,576,16,289,110715,540,10329,42559,9581,10953,1,0,0,0
4,4,2,cg,36,36,576,16,289,100731,425,10179,43692,10707,11628,1,0,0,0
4,4,2,cg,36,36,576,16,289,101036,718,9548,43154,11786,11031,1,0,0,0
4,4,2,cg,36,36,576,16,289,110968,693,9522,41896,12016,10587,1,0,0,0
4,4,2,cg,36,36,576,16,289,100900,797,9530,41698,9572,10754,1,0,0,0
4,4,2,cg,36,36,576,16,289,101053,534,9722,43524,11150,11316,1,0,0,0
4,4,2,cg,36,36,576,16,289,110749,700,10015,43359,11452,11190,1,0,0,0
4,4,2,cg,36,36,576,16,289,110749,591,9923,43338,11872,10969,1,0,0,0
4,4,2,cg,36,36,576,16,289,111034,460,9696,43125,11779,10583,1,0,0,0
4,4,2,cg,36,36,576,16,289,110988,553,9861,42836,11579,10904,1,0,0,0
4,4,2,cg,36,36,576,16,289,100967,634,9589,42075,10586,10808,1,0,0,0
4,4,2,cg,36,36,576,16,289,100881,768,9521,42068,9997,11082,1,0,0,0
4,4,2,cg,36,36,576,16,289,100772,529,9807,44800,11751,11642,1,0,0,0
4,4,2,cg,36,36,576,16,289,100662,664,9837,45591,12351,11525,1,0,0,0
4,4,2,cg,36,36,576,16,289,100953,636,9996,43969,12045,11358,1,0,0,0
4,4,2,cg,36,36,576,16,289,100944,736,9771,43908,11604,11243,1,0,0,0
4,4,2,cg,36,36,576,16,289,110801,381,9991,44170,10918,11531,1,0,0,0
1,1,5,cg,73,73,73,1,1089,349,266,131,6702,0,0,1,0,0,0
1,1,5,cg,73,73,73,1,1089,469,347,158,5293,0,0,1,0,0,0
1,1,5,cg,73,73,73,1,1089,286,192,94,3167,0,0,1,0,0,0
1,1,5,cg,73,73,73,1,1089,198,147,66,2549,0,0,1,0,0,0
1,1,5,cg,73,73,73,1,1089,164,119,52,2162,0,0,1,0,0,0
1,1,5,cg,73,73,73,1,1089,141,105,44,1951,0,0,1,0,0,0
1,1,5,cg,73,73,73,1,1089,129,97,41,1950,0,0,1,0,0,0
1,1,5,cg,73,73,73,1,1089,122,93,40,1939,0,0,1,0,0,0
1,1,5,cg,73,73,73,1,1089,126,97,45,1948,0,0,1,0,0,0
1,1,5,cg,73,73,73,1,1089,121,92,40,1916,0,0,1,0,0,0
1,1,5,cg,73,73,73,1,1089,139,92,40,2105,0,0,1,0,0,0
1,1,5,cg,73,73,73,1,1089,225,150,65,3473,0,0,1,0,0,0
1,1,5,cg,73,73,73,1,1089,356,265,130,6138,0,0,1,0,0,0
1,1,5,cg,73,73,73,1,1089,376,263,129,4180,0,0,1,0,0,0
1,1,5,cg,73,73,73,1,1089,256,182,82,3027,0,0,1,0,0,0
1,1,5,cg,73,73,73,1,1089,193,137,60,2401,0,0,1,0,0,0
1,1,5,cg,73,73,73,1,1089,161,120,51,2116,0,0,1,0,0,0
1,1,5,cg,73,73,73,1,1089,139,101,43,1936,0,0,1,0,0,0
1,1,5,cg,73,73,73,1,1089,135,103,46,2381,0,0,1,0,0,0
1,1,5,cg,73,73,73,1,1089,266,159,72,2945,0,0,1,0,0,0
1,1,5,cg,73,73,73,1,1089,182,137,64,3443,0,0,1,0,0,0
1,1,5,cg,73,73,73,1,1089,331,263,129,5009,0,0,1,0,0,0
1,1,5,cg,73,73,73,1,1089,285,213,93,3506,0,0,1,0,0,0
1,1,5,cg,73,73,73,1,1089,216,155,65,2727,0,0,1,0,0,0
1,1,5,cg,73,73,73,1,1089,180,134,58,2286,0,0,1,0,0,0
1,1,5,cg,73,73,73,1,1089,162,124,55,3062,0,0,1,0,0,0
1,1,5,cg,73,73,73,1,1089,308,225,106,5494,0,0,1,0,0,0
1,1,5,cg,73,73,73,1,1089,321,229,107,3809,0,0,1,0,0,0
1,1,5,cg,73,73,73,1,1089,248,194,92,5076,0,0,1,0,0,0
1,1,5,cg,73,73,73,1,1089,421,303,145,4706,0,0,1,0,0,0
1,1,5,cg,73,73,73,1,1089,267,203,94,3260,0,0,1,0,0,0
1,1,5,cg,73,73,73,1,1089,206,151,67,2551,0,0,1,0,0,0
1,1,5,cg,73,73,73,1,1089,171,123,55,2191,0,0,1,0,0,0
1,1,5,cg,73,73,73,1,1089,148,112,49,2028,0,0,1,0,0,0
1,1,5,cg,73,73,73,1,1089,136,102,43,1950,0,0,1,0,0,0
1,1,5,cg,73,73,73,1,1089,130,99,51,1961,0,0,1,0,0,0
1,1,5,cg,73,73,73,1,1089,126,97,42,2014,0,0,1,0,0,0
1,1,5,cg,73,73,73,1,1089,128,97,43,2037,0,0,1,0,0,0
1,1,5,cg,73,73,73,1,1089,140,97,41,2203,0,0,1,0,0,0
1,1,5,cg,73,73,73,1,1089,197,147,66,3482,0,0,1,0,0,0
1,1,5,cg,73,73,73,1,1089,309,228,105,3810,0,0,1,0,0,0
1,1,5,cg,73,73,73,1,1089,234,169,77,2945,0,0,1,0,0,0
1,1,5,cg,73,73,73,1,1089,194,140,65,2485,0,0,1,0,0,0
1,1,5,cg,73,73,73,1,1089,166,122,51,2190,0,0,1,0,0,0
1,1,5,cg,73,73,73,1,1089,146,110,50,2036,0,0,1,0,0,0
1,1,5,cg,73,73,73,1,1089,138,105,44,2013,0,0,1,0,0,0
1,1,5,cg,73,73,73,1,1089,135,101,41,1946,0,0,1,0,0,0
1,1,5,cg,73,73,73,1,1089,126,98,43,1901,0,0,1,0,0,0
1,1,5,cg,73,73,73,1,1089,130,96,42,1946,0,0,1,0,0,0
1,1,5,cg,73,73,73,1,1089,126,97,43,1955,0,0,1,0,0,0
2,2,8,cg,1268,1268,5072,4,263169,43072,6768,2721,2485760,37236,6675,1,0,0,0
2,2,8,cg,1268,1268,5072,4,263169,43746,6791,2768,2586837,39216,8050,1,0,0,0
2,2,8,cg,1268,1268,5072,4,263169,43948,6711,2792,2578492,43704,7144,1,0,0,0
2,2,8,cg,1268,1268,5072,4,263169,43761,7001,2791,2395702,22326,6261,1,0,0,0
2,2,8,cg,1268,1268,5072,4,263169,44321,6921,2747,2568101,33930,6535,1,0,0,0
2,2,7,cg,620,620,2480,4,66049,13704,1705,730,275697,4277,1334,1,0,0,0
2,2,7,cg,620,620,2480,4,66049,16002,2546,1224,286101,2689,1423,1,0,0,0
2,2,7,cg,620,620,2480,4,66049,16013,2613,1253,325918,2483,1425,1,0,0,0
2,2,7,cg,620,620,2480,4,66049,14311,1653,749,272930,2520,1301,1,0,0,0
2,2,7,cg,620,620,2480,4,66049,18113,2517,1170,278523,3895,1325,1,0,0,0
2,2,7,cg,620,620,2480,4,66049,12908,1728,801,274306,3614,1315,1,0,0,0
2,2,7,cg,620,620,2480,4,66049,15673,2741,1268,339056,6017,1607,1,0,0,0
2,2,7,cg,620,620,2480,4,66049,16542,2632,1256,341844,4768,1685,1,0,0,0
2,2,7,cg,620,620,2480,4,66049,28876,3629,1467,284739,3941,1415,1,0,0,0
2,2,7,cg,620,620,2480,4,66049,13706,1733,797,279563,4285,1339,1,0,0,0
1,1,3,cg,17,17,17,1,81,113,35,13,148,0,0,1,0,0,0
1,1,3,cg,17,17,17,1,81,120,35,12,141,0,0,1,0,0,0
1,1,3,cg,17,17,17,1,81,114,36,13,145,0,0,1,0,0,0
1,1,3,cg,17,17,17,1,81,116,37,14,147,0,0,1,0,0,0
1,1,3,cg,17,17,17,1,81,117,37,12,145,0,0,1,0,0,0
1,1,3,cg,17,17,17,1,81,117,36,13,145,0,0,1,0,0,0
1,1,3,cg,17,17,17,1,81,118,36,14,175,0,0,1,0,0,0
1,1,3,cg,17,17,17,1,81,119,34,13,145,0,0,1,0,0,0
1,1,3,cg,17,17,17,1,81,118,36,13,142,0,0,1,0,0,0
1,1,3,cg,17,17,17,1,81,115,36,13,149,0,0,1,0,0,0
1,1,3,cg,17,17,17,1,81,119,36,13,144,0,0,1,0,0,0
1,1,3,cg,17,17,17,1,81,123,28,14,141,0,0,1,0,0,0
1,1,3,cg,17,17,17,1,81,123,37,14,146,0,0,1,0,0,0
1,1,3,cg,17,17,17,1,81,109,36,13,162,0,0,1,0,0,0
1,1,3,cg,17,17,17,1,81,119,37,14,140,0,0,1,0,0,0
1,1,3,cg,17,17,17,1,81,121,36,13,143,0,0,1,0,0,0
1,1,3,cg,17,17,17,1,81,120,35,13,141,0,0,1,0,0,0
1,1,3,cg,17,17,17,1,81,117,37,13,146,0,0,1,0,0,0
1,1,3,cg,17,17,17,1,81,122,36,13,148,0,0,1,0,0,0
1,1,3,cg,17,17,17,1,81,117,36,13,143,0,0,1,0,0,0
1,1,3,cg,17,17,17,1,81,119,46,13,142,0,0,1,0,0,0
1,1,3,cg,17,17,17,1,81,117,37,12,144,0,0,1,0,0,0
1,1,3,cg,17,17,17,1,81,119,38,13,143,0,0,1,0,0,0
1,1,3,cg,17,17,17,1,81,120,36,13,140,0,0,1,0,0,0
1,1,3,cg,17,17,17,1,81,115,35,13,147,0,0,1,0,0,0
1,1,3,cg,17,17,17,1,81,120,36,13,144,0,0,1,0,0,0
1,1,3,cg,17,17,17,1,81,120,36,13,143,0,0,1,0,0,0
1,1,3,cg,17,17,17,1,81,117,36,13,141,0,0,1,0,0,0
1,1,3,cg,17,17,17,1,81,128,36,12,145,0,0,1,0,0,0
1,1,3,cg,17,17,17,1,81,116,35,13,148,0,0,1,0,0,0
1,1,3,cg,17,17,17,1,81,120,37,13,143,0,0,1,0,0,0
1,1,3,cg,17,17,17,1,81,115,36,13,146,0,0,1,0,0,0
1,1,3,cg,17,17,17,1,81,121,36,13,143,0,0,1,0,0,0
1,1,3,cg,17,17,17,1,81,115,37,14,141,0,0,1,0,0,0
1,1,3,cg,17,17,17,1,81,116,35,14,143,0,0,1,0,0,0
1,1,3,cg,17,17,17,1,81,119,35,13,144,0,0,1,0,0,0
1,1,3,cg,17,17,17,1,81,126,37,13,144,0,0,1,0,0,0
1,1,3,cg,17,17,17,1,81,140,35,13,143,0,0,1,0,0,0
1,1,3,cg,17,17,17,1,81,113,36,13,145,0,0,1,0,0,0
1,1,3,cg,17,17,17,1,81,120,36,13,147,0,0,1,0,0,0
1,1,3,cg,17,17,17,1,81,115,36,13,143,0,0,1,0,0,0
1,1,3,cg,17,17,17,1,81,118,35,13,142,0,0,1,0,0,0
1,1,3,cg,17,17,17,1,81,118,35,13,146,0,0,1,0,0,0
1,1,3,cg,17,17,17,1,81,122,36,14,141,0,0,1,0,0,0
1,1,3,cg,17,17,17,1,81,118,37,14,144,0,0,1,0,0,0
1,1,3,cg,17,17,17,1,81,117,37,14,148,0,0,1,0,0,0
1,1,3,cg,17,17,17,1,81,120,34,12,142,0,0,1,0,0,0
1,1,3,cg,17,17,17,1,81,119,36,14,144,0,0,1,0,0,0
1,1,3,cg,17,17,17,1,81,121,29,13,142,0,0,1,0,0,0
1,1,3,cg,17,17,17,1,81,119,36,13,144,0,0,1,0,0,0
4,4,9,cg,5230,5230,83680,16,4198401,764374,31788,18883,56209474,2726653,2791688,1,0,0,0
4,4,4,cg,149,149,2384,16,4225,100702,826,9589,180773,46648,45514,1,0,0,0
4,4,4,cg,149,149,2384,16,4225,110456,747,10024,176893,45060,43656,1,0,0,0
4,4,4,cg,149,149,2384,16,4225,110632,716,9792,174847,47772,43088,1,0,0,0
4,4,4,cg,149,149,2384,16,4225,110879,625,9927,175062,41133,43234,1,0,0,0
4,4,4,cg,149,149,2384,16,4225,110670,830,9652,174940,46083,43342,1,0,0,0
4,4,4,cg,149,149,2384,16,4225,100618,627,9772,170943,43953,41994,1,0,0,0
4,4,4,cg,149,149,2384,16,4225,101047,736,9448,172821,43771,42169,1,0,0,0
4,4,4,cg,149,149,2384,16,4225,110698,504,9934,169288,44008,41688,1,0,0,0
4,4,4,cg,149,149,2384,16,4225,100601,485,10277,170619,47783,42174,1,0,0,0
4,4,4,cg,149,149,2384,16,4225,110923,749,9567,176440,45240,44105,1,0,0,0
4,4,4,cg,149,149,2384,16,4225,110661,669,10313,174432,47041,42487,1,0,0,0
4,4,4,cg,149,149,2384,16,4225,110872,617,9795,174842,42375,42821,1,0,0,0
4,4,4,cg,149,149,2384,16,4225,100692,682,9765,175201,45175,42657,1,0,0,0
4,4,4,cg,149,149,2384,16,4225,110743,659,9504,170000,44264,42207,1,0,0,0
4,4,4,cg,149,149,2384,16,4225,100941,519,9551,175280,45717,43335,1,0,0,0
4,4,4,cg,149,149,2384,16,4225,110749,764,9682,167687,43350,41380,1,0,0,0
4,4,4,cg,149,149,2384,16,4225,110580,649,9955,171981,44300,42577,1,0,0,0
4,4,4,cg,149,149,2384,16,4225,110887,679,9752,173627,44045,42077,1,0,0,0
4,4,4,cg,149,149,2384,16,4225,100993,466,9674,168829,42343,41642,1,0,0,0
4,4,4,cg,149,149,2384,16,4225,111042,862,9359,172126,40227,42619,1,0,0,0
4,4,4,cg,149,149,2384,16,4225,110710,636,9825,175128,44108,43732,1,0,0,0
4,4,4,cg,149,149,2384,16,4225,110964,526,9689,176472,44979,43454,1,0,0,0
4,4,4,cg,149,149,2384,16,4225,111029,676,9483,171953,44743,42414,1,0,0,0
4,4,4,cg,149,149,2384,16,4225,100681,606,10004,171986,44561,42830,1,0,0,0
4,4,4,cg,149,149,2384,16,4225,110851,638,9891,176130,43118,43891,1,0,0,0
4,4,4,cg,149,149,2384,16,4225,100778,569,9784,173292,44205,42730,1,0,0,0
4,4,4,cg,149,149,2384,16,4225,110792,610,9842,176277,46431,43616,1,0,0,0
4,4,4,cg,149,149,2384,16,4225,100828,684,9642,170297,45527,43099,1,0,0,0
4,4,4,cg,149,149,2384,16,4225,100873,688,9669,173256,46726,42242,1,0,0,0
4,4,4,cg,149,149,2384,16,4225,100667,415,10247,171294,42514,42030,1,0,0,0
4,4,3,cg,73,73,1168,16,1089,110757,652,9925,86669,21571,21932,1,0,0,0
4,4,3,cg,73,73,1168,16,1089,100789,571,9809,87912,23467,21987,1,0,0,0
4,4,3,cg,73,73,1168,16,1089,101089,468,9483,86372,21229,21072,1,0,0,0
4,4,3,cg,73,73,1168,16,1089,111193,691,9376,82245,21805,20701,1,0,0,0
4,4,3,cg,73,73,1168,16,1089,110562,699,9965,84662,22116,20711,1,0,0,0
4,4,3,cg,73,73,1168,16,1089,100926,512,9730,86569,21890,22224,1,0,0,0
4,4,3,cg,73,73,1168,16,1089,100777,842,9513,86614,21138,21692,1,0,0,0
4,4,3,cg,73,73,1168,16,1089,100824,775,10110,85463,21536,21127,1,0,0,0
4,4,3,cg,73,73,1168,16,1089,101111,687,9518,81555,20986,20867,1,0,0,0
4,4,3,cg,73,73,1168,16,1089,110823,779,9916,85929,20392,21724,1,0,0,0
4,4,3,cg,73,73,1168,16,1089,100896,759,9520,87469,21706,21943,1,0,0,0
4,4,3,cg,73,73,1168,16,1089,101165,473,9630,83729,21291,21353,1,0,0,0
4,4,3,cg,73,73,1168,16,1089,110792,476,9846,86648,20878,22035,1,0,0,0
4,4,3,cg,73,73,1168,16,1089,100874,474,9833,83676,21705,20601,1,0,0,0
4,4,3,cg,73,73,1168,16,1089,110373,860,9811,85435,22456,21620,1,0,0,0
4,4,3,cg,73,73,1168,16,1089,100714,536,10260,84443,20248,20944,1,0,0,0
4,4,3,cg,73,73,1168,16,1089,111111,479,9594,81578,18375,20492,1,0,0,0
4,4,3,cg,73,73,1168,16,1089,110747,531,9839,81520,22736,20417,1,0,0,0
4,4,3,cg,73,73,1168,16,1089,100357,620,10114,85836,20205,21968,1,0,0,0
4,4,3,cg,73,73,1168,16,1089,110965,483,9816,87554,23362,22618,1,0,0,0
4,4,3,cg,73,73,1168,16,1089,110947,389,10013,86025,23562,21555,1,0,0,0
4,4,3,cg,73,73,1168,16,1089,100708,704,9896,84335,23050,20536,1,0,0,0
4,4,3,cg,73,73,1168,16,1089,110849,497,9989,85988,22309,21740,1,0,0,0
4,4,3,cg,73,73,1168,16,1089,100839,597,9959,85770,22015,21993,1,0,0,0
4,4,3,cg,73,73,1168,16,1089,110742,512,9763,85530,21523,21527,1,0,0,0
4,4,3,cg,73,73,1168,16,1089,100670,532,9951,85960,22862,21663,1,0,0,0
4,4,3,cg,73,73,1168,16,1089,110961,524,9486,88050,22356,22263,1,0,0,0
4,4,3,cg,73,73,1168,16,1089,100997,509,9839,85636,23492,21288,1,0,0,0
4,4,3,cg,73,73,1168,16,1089,110792,743,9527,86522,22726,21414,1,0,0,0
4,4,3,cg,73,73,1168,16,1089,110538,515,10056,85475,22456,21966,1,0,0,0
4,4,3,cg,73,73,1168,16,1089,110759,419,10120,89552,21796,22530,1,0,0,0
4,4,3,cg,73,73,1168,16,1089,100758,613,9579,86032,21946,21710,1,0,0,0
4,4,3,cg,73,73,1168,16,1089,101036,694,9618,87774,22111,21844,1,0,0,0
4,4,3,cg,73,73,1168,16,1089,100920,481,10077,82848,18808,20789,1,0,0,0
4,4,3,cg,73,73,1168,16,1089,110709,738,9492,82909,20699,20765,1,0,0,0
4,4,3,cg,73,73,1168,16,1089,100820,631,9660,84717,20664,21436,1,0,0,0
4,4,3,cg,73,73,1168,16,1089,100936,548,9685,84800,23547,21216,1,0,0,0
4,4,3,cg,73,73,1168,16,1089,101227,706,9595,84567,20067,21359,1,0,0,0
4,4,3,cg,73,73,1168,16,1089,101172,557,9512,81206,19473,20653,1,0,0,0
4,4,3,cg,73,73,1168,16,1089,110731,454,9920,84149,20978,21006,1,0,0,0
4,4,3,cg,73,73,1168,16,1089,110628,481,10097,84354,22045,21223,1,0,0,0
4,4,3,cg,73,73,1168,16,1089,100736,582,9975,85828,18974,21807,1,0,0,0
4,4,3,cg,73,73,1168,16,1089,100750,462,10170,81759,19760,20417,1,0,0,0
4,4,3,cg,73,73,1168,16,1089,110790,565,9986,84230,24966,20519,1,0,0,0
4,4,3,cg,73,73,1168,16,1089,101040,691,9363,83619,21651,20619,1,0,0,0
4,4,3,cg,73,73,1168,16,1089,100630,610,10185,84507,24119,20948,1,0,0,0
4,4,3,cg,73,73,1168,16,1089,101022,448,10006,85001,20826,21700,1,0,0,0
4,4,3,cg,73,73,1168,16,1089,100924,426,10377,84202,22385,20845,1,0,0,0
4,4,3,cg,73,73,1168,16,1089,100862,560,9683,87470,21368,22490,1,0,0,0
4,4,3,cg,73,73,1168,16,1089,110731,582,9806,85074,21401,21504,1,0,0,0
2,2,5,cg,149,149,596,4,4225,1292,399,113,8521,748,204,1,0,0,0
2,2,5,cg,149,149,596,4,4225,1438,404,113,8476,730,195,1,0,0,0
2,2,5,cg,149,149,596,4,4225,797,262,81,7961,661,176,1,0,0,0
2,2,5,cg,149,149,596,4,4225,978,306,85,7930,699,171,1,0,0,0
2,2,5,cg,149,149,596,4,4225,1301,490,194,7517,330,271,1,0,0,0
2,2,5,cg,149,149,596,4,4225,2137,482,178,7306,365,271,1,0,0,0
2,2,5,cg,149,149,596,4,4225,2000,487,170,6989,335,255,1,0,0,0
2,2,5,cg,149,149,596,4,4225,1481,232,90,8048,131,174,1,0,0,0
2,2,5,cg,149,149,596,4,4225,1071,314,96,8023,677,183,1,0,0,0
2,2,5,cg,149,149,596,4,4225,1123,207,83,8067,168,170,1,0,0,0
2,2,5,cg,149,149,596,4,4225,1319,405,112,8612,761,198,1,0,0,0
2,2,5,cg,149,149,596,4,4225,1249,196,78,7944,146,171,1,0,0,0
2,2,5,cg,149,149,596,4,4225,1594,488,173,6969,269,250,1,0,0,0
2,2,5,cg,149,149,596,4,4225,806,263,81,8069,696,172,1,0,0,0
2,2,5,cg,149,149,596,4,4225,811,270,78,8016,748,173,1,0,0,0
2,2,5,cg,149,149,596,4,4225,1240,371,111,8396,751,196,1,0,0,0
2,2,5,cg,149,149,596,4,4225,2157,483,187,6986,336,256,1,0,0,0
2,2,5,cg,149,149,596,4,4225,1235,208,81,8128,171,186,1,0,0,0
2,2,5,cg,149,149,596,4,4225,990,315,91,7859,689,169,1,0,0,0
2,2,5,cg,149,149,596,4,4225,825,260,82,8026,679,174,1,0,0,0
2,2,5,cg,149,149,596,4,4225,808,270,84,7945,660,181,1,0,0,0
2,2,5,cg,149,149,596,4,4225,1387,236,87,8101,167,177,1,0,0,0
2,2,5,cg,149,149,596,4,4225,1621,263,98,8161,140,181,1,0,0,0
2,2,5,cg,149,149,596,4,4225,806,267,81,7930,716,168,1,0,0,0
2,2,5,cg,149,149,596,4,4225,1599,480,180,7299,357,256,1,0,0,0
2,2,5,cg,149,149,596,4,4225,1130,215,81,8131,162,181,1,0,0,0
2,2,5,cg,149,149,596,4,4225,1099,205,81,8119,144,184,1,0,0,0
2,2,5,cg,149,149,596,4,4225,1679,517,187,7332,325,266,1,0,0,0
2,2,5,cg,149,149,596,4,4225,1110,201,77,8003,154,174,1,0,0,0
2,2,5,cg,149,149,596,4,4225,821,272,85,7990,696,170,1,0,0,0
1,1,9,cg,1268,1268,1268,1,263169,37646,23179,10359,8193053,0,0,1,0,0,0
1,1,9,cg,1268,1268,1268,1,263169,24999,23854,10302,8199112,0,0,1,0,0,0
1,1,9,cg,1268,1268,1268,1,263169,24952,23915,10373,8196177,0,0,1,0,0,0
1,1,8,cg,620,620,620,1,66049,6430,6056,2614,988300,0,0,1,0,0,0
1,1,8,cg,620,620,620,1,66049,6339,6033,2628,989240,0,0,1,0,0,0
1,1,8,cg,620,620,620,1,66049,6546,5754,2579,984158,0,0,1,0,0,0
1,1,8,cg,620,620,620,1,66049,6555,6052,2530,988365,0,0,1,0,0,0
1,1,8,cg,620,620,620,1,66049,6485,6074,2590,984623,0,0,1,0,0,0
1,1,8,cg,620,620,620,1,66049,6670,5841,2603,988478,0,0,1,0,0,0
1,1,8,cg,620,620,620,1,66049,6418,6058,2575,989045,0,0,1,0,0,0
1,1,8,cg,620,620,620,1,66049,6522,6067,2577,989090,0,0,1,0,0,0
1,1,8,cg,620,620,620,1,66049,6500,6083,2587,987762,0,0,1,0,0,0
1,1,8,cg,620,620,620,1,66049,6521,6085,2545,984075,0,0,1,0,0,0
1,1,4,cg,36,36,36,1,289,186,106,41,1020,0,0,1,0,0,0
1,1,4,cg,36,36,36,1,289,190,108,42,1011,0,0,1,0,0,0
1,1,4,cg,36,36,36,1,289,194,87,43,974,0,0,1,0,0,0
1,1,4,cg,36,36,36,1,289,198,106,42,1017,0,0,1,0,0,0
1,1,4,cg,36,36,36,1,289,192,106,41,945,0,0,1,0,0,0
1,1,4,cg,36,36,36,1,289,187,106,41,963,0,0,1,0,0,0
1,1,4,cg,36,36,36,1,289,187,105,41,931,0,0,1,0,0,0
1,1,4,cg,36,36,36,1,289,192,105,43,1007,0,0,1,0,0,0
1,1,4,cg,36,36,36,1,289,200,114,41,971,0,0,1,0,0,0
1,1,4,cg,36,36,36,1,289,191,107,42,1005,0,0,1,0,0,0
1,1,4,cg,36,36,36,1,289,184,107,43,998,0,0,1,0,0,0
1,1,4,cg,36,36,36,1,289,185,107,41,964,0,0,1,0,0,0
1,1,4,cg,36,36,36,1,289,190,108,41,930,0,0,1,0,0,0
1,1,4,cg,36,36,36,1,289,190,107,41,1027,0,0,1,0,0,0
1,1,4,cg,36,36,36,1,289,189,105,43,1026,0,0,1,0,0,0
1,1,4,cg,36,36,36,1,289,192,116,41,999,0,0,1,0,0,0
1,1,4,cg,36,36,36,1,289,191,106,41,956,0,0,1,0,0,0
1,1,4,cg,36,36,36,1,289,191,107,41,962,0,0,1,0,0,0
1,1,4,cg,36,36,36,1,289,191,106,43,959,0,0,1,0,0,0
1,1,4,cg,36,36,36,1,289,191,107,41,946,0,0,1,0,0,0
1,1,4,cg,36,36,36,1,289,191,108,40,950,0,0,1,0,0,0
1,1,4,cg,36,36,36,1,289,192,107,42,979,0,0,1,0,0,0
1,1,4,cg,36,36,36,1,289,174,98,40,799,0,0,1,0,0,0
1,1,4,cg,36,36,36,1,289,176,88,35,802,0,0,1,0,0,0
1,1,4,cg,36,36,36,1,289,165,87,33,789,0,0,1,0,0,0
1,1,4,cg,36,36,36,1,289,160,86,32,724,0,0,1,0,0,0
1,1,4,cg,36,36,36,1,289,177,97,39,961,0,0,1,0,0,0
1,1,4,cg,36,36,36,1,289,189,105,41,1062,0,0,1,0,0,0
1,1,4,cg,36,36,36,1,289,185,107,41,1001,0,0,1,0,0,0
1,1,4,cg,36,36,36,1,289,194,108,42,998,0,0,1,0,0,0
1,1,4,cg,36,36,36,1,289,193,106,42,984,0,0,1,0,0,0
1,1,4,cg,36,36,36,1,289,194,106,41,993,0,0,1,0,0,0
1,1,4,cg,36,36,36,1,289,187,105,42,983,0,0,1,0,0,0
1,1,4,cg,36,36,36,1,289,201,106,42,960,0,0,1,0,0,0
1,1,4,cg,36,36,36,1,289,194,106,41,957,0,0,1,0,0,0
1,1,4,cg,36,36,36,1,289,185,108,43,985,0,0,1,0,0,0
1,1,4,cg,36,36,36,1,289,196,107,42,1011,0,0,1,0,0,0
1,1,4,cg,36,36,36,1,289,188,104,42,999,0,0,1,0,0,0
1,1,4,cg,36,36,36,1,289,190,105,42,941,0,0,1,0,0,0
1,1,4,cg,36,36,36,1,289,191,105,43,1125,0,0,1,0,0,0
1,1,4,cg,36,36,36,1,289,185,107,43,991,0,0,1,0,0,0
1,1,4,cg,36,36,36,1,289,189,118,41,967,0,0,1,0,0,0
1,1,4,cg,36,36,36,1,289,189,106,41,937,0,0,1,0,0,0
1,1,4,cg,36,36,36,1,289,177,97,35,782,0,0,1,0,0,0
1,1,4,cg,36,36,36,1,289,172,86,33,746,0,0,1,0,0,0
1,1,4,cg,36,36,36,1,289,156,85,31,725,0,0,1,0,0,0
1,1,4,cg,36,36,36,1,289,179,92,38,882,0,0,1,0,0,0
1,1,4,cg,36,36,36,1,289,328,223,42,1000,0,0,1,0,0,0
1,1,4,cg,36,36,36,1,289,187,107,41,988,0,0,1,0,0,0
1,1,4,cg,36,36,36,1,289,190,105,41,987,0,0,1,0,0,0
